-- phpMyAdmin SQL Dump
-- version 3.4.10.1
-- http://www.phpmyadmin.net
--
-- 主机: localhost
-- 生成日期: 2016 年 12 月 15 日 15:40
-- 服务器版本: 5.5.20
-- PHP 版本: 5.3.10

SET SQL_MODE="NO_AUTO_VALUE_ON_ZERO";
SET time_zone = "+00:00";


/*!40101 SET @OLD_CHARACTER_SET_CLIENT=@@CHARACTER_SET_CLIENT */;
/*!40101 SET @OLD_CHARACTER_SET_RESULTS=@@CHARACTER_SET_RESULTS */;
/*!40101 SET @OLD_COLLATION_CONNECTION=@@COLLATION_CONNECTION */;
/*!40101 SET NAMES utf8 */;

--
-- 数据库: `ss`
--

-- --------------------------------------------------------

--
-- 表的结构 `allowance`
--

CREATE TABLE IF NOT EXISTS `allowance` (
  `Al_ENo` int(11) NOT NULL DEFAULT '0',
  `Al_Month` int(11) NOT NULL DEFAULT '0',
  `Al_Kind` int(11) NOT NULL DEFAULT '0',
  `Al_Time` int(11) DEFAULT NULL,
  `Al_Reward` int(11) DEFAULT NULL,
  PRIMARY KEY (`Al_ENo`,`Al_Month`,`Al_Kind`)
) ENGINE=InnoDB DEFAULT CHARSET=gbk;

--
-- 转存表中的数据 `allowance`
--

INSERT INTO `allowance` (`Al_ENo`, `Al_Month`, `Al_Kind`, `Al_Time`, `Al_Reward`) VALUES
(10101, 1, 1, 0, 0),
(10101, 1, 2, 0, 0),
(10101, 1, 3, 0, 0),
(10101, 2, 1, 0, 0),
(10101, 2, 2, 0, 0),
(10101, 2, 3, 0, 0),
(10101, 3, 1, 0, 0),
(10101, 3, 2, 0, 0),
(10101, 3, 3, 0, 0),
(10101, 4, 1, 0, 0),
(10101, 4, 2, 0, 0),
(10101, 4, 3, 0, 0),
(10101, 5, 1, 0, 0),
(10101, 5, 2, 0, 0),
(10101, 5, 3, 0, 0),
(10101, 6, 1, 0, 0),
(10101, 6, 2, 0, 0),
(10101, 6, 3, 0, 0),
(10101, 7, 1, 0, 0),
(10101, 7, 2, 0, 0),
(10101, 7, 3, 0, 0),
(10101, 8, 1, 0, 0),
(10101, 8, 2, 0, 0),
(10101, 8, 3, 0, 0),
(10101, 9, 1, 0, 0),
(10101, 9, 2, 0, 0),
(10101, 9, 3, 0, 0),
(10101, 10, 1, 0, 0),
(10101, 10, 2, 0, 0),
(10101, 10, 3, 0, 0),
(10101, 11, 1, 0, 0),
(10101, 11, 2, 0, 0),
(10101, 11, 3, 0, 0),
(10101, 12, 1, 0, 0),
(10101, 12, 2, 0, 0),
(10101, 12, 3, 0, 0),
(10201, 1, 1, 0, 0),
(10201, 1, 2, 0, 0),
(10201, 1, 3, 0, 0),
(10201, 2, 1, 0, 0),
(10201, 2, 2, 0, 0),
(10201, 2, 3, 0, 0),
(10201, 3, 1, 0, 0),
(10201, 3, 2, 0, 0),
(10201, 3, 3, 0, 0),
(10201, 4, 1, 0, 0),
(10201, 4, 2, 0, 0),
(10201, 4, 3, 0, 0),
(10201, 5, 1, 0, 0),
(10201, 5, 2, 0, 0),
(10201, 5, 3, 0, 0),
(10201, 6, 1, 0, 0),
(10201, 6, 2, 0, 0),
(10201, 6, 3, 0, 0),
(10201, 7, 1, 0, 0),
(10201, 7, 2, 0, 0),
(10201, 7, 3, 0, 0),
(10201, 8, 1, 0, 0),
(10201, 8, 2, 0, 0),
(10201, 8, 3, 0, 0),
(10201, 9, 1, 0, 0),
(10201, 9, 2, 0, 0),
(10201, 9, 3, 0, 0),
(10201, 10, 1, 0, 0),
(10201, 10, 2, 0, 0),
(10201, 10, 3, 0, 0),
(10201, 11, 1, 0, 0),
(10201, 11, 2, 0, 0),
(10201, 11, 3, 0, 0),
(10201, 12, 1, 0, 0),
(10201, 12, 2, 0, 0),
(10201, 12, 3, 0, 0),
(10202, 1, 1, 0, 0),
(10202, 1, 2, 0, 0),
(10202, 1, 3, 0, 0),
(10202, 2, 1, 0, 0),
(10202, 2, 2, 0, 0),
(10202, 2, 3, 0, 0),
(10202, 3, 1, 0, 0),
(10202, 3, 2, 0, 0),
(10202, 3, 3, 0, 0),
(10202, 4, 1, 0, 0),
(10202, 4, 2, 0, 0),
(10202, 4, 3, 0, 0),
(10202, 5, 1, 0, 0),
(10202, 5, 2, 0, 0),
(10202, 5, 3, 0, 0),
(10202, 6, 1, 0, 0),
(10202, 6, 2, 0, 0),
(10202, 6, 3, 0, 0),
(10202, 7, 1, 0, 0),
(10202, 7, 2, 0, 0),
(10202, 7, 3, 0, 0),
(10202, 8, 1, 0, 0),
(10202, 8, 2, 0, 0),
(10202, 8, 3, 0, 0),
(10202, 9, 1, 0, 0),
(10202, 9, 2, 0, 0),
(10202, 9, 3, 0, 0),
(10202, 10, 1, 0, 0),
(10202, 10, 2, 0, 0),
(10202, 10, 3, 0, 0),
(10202, 11, 1, 0, 0),
(10202, 11, 2, 0, 0),
(10202, 11, 3, 0, 0),
(10202, 12, 1, 0, 0),
(10202, 12, 2, 0, 0),
(10202, 12, 3, 0, 0),
(10301, 1, 1, 0, 0),
(10301, 1, 2, 0, 0),
(10301, 1, 3, 0, 0),
(10301, 2, 1, 0, 0),
(10301, 2, 2, 0, 0),
(10301, 2, 3, 0, 0),
(10301, 3, 1, 0, 0),
(10301, 3, 2, 0, 0),
(10301, 3, 3, 0, 0),
(10301, 4, 1, 0, 0),
(10301, 4, 2, 0, 0),
(10301, 4, 3, 0, 0),
(10301, 5, 1, 0, 0),
(10301, 5, 2, 0, 0),
(10301, 5, 3, 0, 0),
(10301, 6, 1, 0, 0),
(10301, 6, 2, 0, 0),
(10301, 6, 3, 0, 0),
(10301, 7, 1, 0, 0),
(10301, 7, 2, 0, 0),
(10301, 7, 3, 0, 0),
(10301, 8, 1, 0, 0),
(10301, 8, 2, 0, 0),
(10301, 8, 3, 0, 0),
(10301, 9, 1, 0, 0),
(10301, 9, 2, 0, 0),
(10301, 9, 3, 0, 0),
(10301, 10, 1, 0, 0),
(10301, 10, 2, 0, 0),
(10301, 10, 3, 0, 0),
(10301, 11, 1, 0, 0),
(10301, 11, 2, 0, 0),
(10301, 11, 3, 0, 0),
(10301, 12, 1, 0, 0),
(10301, 12, 2, 0, 0),
(10301, 12, 3, 0, 0),
(10302, 1, 1, 0, 0),
(10302, 1, 2, 0, 0),
(10302, 1, 3, 0, 0),
(10302, 2, 1, 0, 0),
(10302, 2, 2, 0, 0),
(10302, 2, 3, 0, 0),
(10302, 3, 1, 0, 0),
(10302, 3, 2, 0, 0),
(10302, 3, 3, 0, 0),
(10302, 4, 1, 0, 0),
(10302, 4, 2, 0, 0),
(10302, 4, 3, 0, 0),
(10302, 5, 1, 0, 0),
(10302, 5, 2, 0, 0),
(10302, 5, 3, 0, 0),
(10302, 6, 1, 0, 0),
(10302, 6, 2, 0, 0),
(10302, 6, 3, 0, 0),
(10302, 7, 1, 0, 0),
(10302, 7, 2, 0, 0),
(10302, 7, 3, 0, 0),
(10302, 8, 1, 0, 0),
(10302, 8, 2, 0, 0),
(10302, 8, 3, 0, 0),
(10302, 9, 1, 0, 0),
(10302, 9, 2, 0, 0),
(10302, 9, 3, 0, 0),
(10302, 10, 1, 0, 0),
(10302, 10, 2, 0, 0),
(10302, 10, 3, 0, 0),
(10302, 11, 1, 0, 0),
(10302, 11, 2, 0, 0),
(10302, 11, 3, 0, 0),
(10302, 12, 1, 0, 0),
(10302, 12, 2, 0, 0),
(10302, 12, 3, 0, 0),
(10303, 1, 1, 0, 0),
(10303, 1, 2, 0, 0),
(10303, 1, 3, 0, 0),
(10303, 2, 1, 0, 0),
(10303, 2, 2, 0, 0),
(10303, 2, 3, 0, 0),
(10303, 3, 1, 0, 0),
(10303, 3, 2, 0, 0),
(10303, 3, 3, 0, 0),
(10303, 4, 1, 0, 0),
(10303, 4, 2, 0, 0),
(10303, 4, 3, 0, 0),
(10303, 5, 1, 0, 0),
(10303, 5, 2, 0, 0),
(10303, 5, 3, 0, 0),
(10303, 6, 1, 0, 0),
(10303, 6, 2, 0, 0),
(10303, 6, 3, 0, 0),
(10303, 7, 1, 0, 0),
(10303, 7, 2, 0, 0),
(10303, 7, 3, 0, 0),
(10303, 8, 1, 0, 0),
(10303, 8, 2, 0, 0),
(10303, 8, 3, 0, 0),
(10303, 9, 1, 0, 0),
(10303, 9, 2, 0, 0),
(10303, 9, 3, 0, 0),
(10303, 10, 1, 0, 0),
(10303, 10, 2, 0, 0),
(10303, 10, 3, 0, 0),
(10303, 11, 1, 0, 0),
(10303, 11, 2, 0, 0),
(10303, 11, 3, 0, 0),
(10303, 12, 1, 0, 0),
(10303, 12, 2, 0, 0),
(10303, 12, 3, 0, 0),
(10304, 1, 1, 0, 0),
(10304, 1, 2, 0, 0),
(10304, 1, 3, 0, 0),
(10304, 2, 1, 0, 0),
(10304, 2, 2, 0, 0),
(10304, 2, 3, 0, 0),
(10304, 3, 1, 0, 0),
(10304, 3, 2, 0, 0),
(10304, 3, 3, 0, 0),
(10304, 4, 1, 0, 0),
(10304, 4, 2, 0, 0),
(10304, 4, 3, 0, 0),
(10304, 5, 1, 0, 0),
(10304, 5, 2, 0, 0),
(10304, 5, 3, 0, 0),
(10304, 6, 1, 0, 0),
(10304, 6, 2, 0, 0),
(10304, 6, 3, 0, 0),
(10304, 7, 1, 0, 0),
(10304, 7, 2, 0, 0),
(10304, 7, 3, 0, 0),
(10304, 8, 1, 0, 0),
(10304, 8, 2, 0, 0),
(10304, 8, 3, 0, 0),
(10304, 9, 1, 0, 0),
(10304, 9, 2, 0, 0),
(10304, 9, 3, 0, 0),
(10304, 10, 1, 0, 0),
(10304, 10, 2, 0, 0),
(10304, 10, 3, 0, 0),
(10304, 11, 1, 0, 0),
(10304, 11, 2, 0, 0),
(10304, 11, 3, 0, 0),
(10304, 12, 1, 0, 0),
(10304, 12, 2, 0, 0),
(10304, 12, 3, 0, 0),
(10401, 1, 1, 0, 0),
(10401, 1, 2, 0, 0),
(10401, 1, 3, 0, 0),
(10401, 2, 1, 0, 0),
(10401, 2, 2, 0, 0),
(10401, 2, 3, 0, 0),
(10401, 3, 1, 0, 0),
(10401, 3, 2, 0, 0),
(10401, 3, 3, 0, 0),
(10401, 4, 1, 0, 0),
(10401, 4, 2, 0, 0),
(10401, 4, 3, 0, 0),
(10401, 5, 1, 0, 0),
(10401, 5, 2, 0, 0),
(10401, 5, 3, 0, 0),
(10401, 6, 1, 0, 0),
(10401, 6, 2, 0, 0),
(10401, 6, 3, 0, 0),
(10401, 7, 1, 0, 0),
(10401, 7, 2, 0, 0),
(10401, 7, 3, 0, 0),
(10401, 8, 1, 0, 0),
(10401, 8, 2, 0, 0),
(10401, 8, 3, 0, 0),
(10401, 9, 1, 0, 0),
(10401, 9, 2, 0, 0),
(10401, 9, 3, 0, 0),
(10401, 10, 1, 0, 0),
(10401, 10, 2, 0, 0),
(10401, 10, 3, 0, 0),
(10401, 11, 1, 0, 0),
(10401, 11, 2, 0, 0),
(10401, 11, 3, 0, 0),
(10401, 12, 1, 0, 0),
(10401, 12, 2, 0, 0),
(10401, 12, 3, 0, 0),
(20101, 1, 1, 0, 0),
(20101, 1, 2, 0, 0),
(20101, 1, 3, 0, 0),
(20101, 2, 1, 0, 0),
(20101, 2, 2, 0, 0),
(20101, 2, 3, 0, 0),
(20101, 3, 1, 0, 0),
(20101, 3, 2, 0, 0),
(20101, 3, 3, 0, 0),
(20101, 4, 1, 0, 0),
(20101, 4, 2, 0, 0),
(20101, 4, 3, 0, 0),
(20101, 5, 1, 0, 0),
(20101, 5, 2, 0, 0),
(20101, 5, 3, 0, 0),
(20101, 6, 1, 0, 0),
(20101, 6, 2, 0, 0),
(20101, 6, 3, 0, 0),
(20101, 7, 1, 0, 0),
(20101, 7, 2, 0, 0),
(20101, 7, 3, 0, 0),
(20101, 8, 1, 0, 0),
(20101, 8, 2, 0, 0),
(20101, 8, 3, 0, 0),
(20101, 9, 1, 0, 0),
(20101, 9, 2, 0, 0),
(20101, 9, 3, 0, 0),
(20101, 10, 1, 0, 0),
(20101, 10, 2, 0, 0),
(20101, 10, 3, 0, 0),
(20101, 11, 1, 0, 0),
(20101, 11, 2, 0, 0),
(20101, 11, 3, 0, 0),
(20101, 12, 1, 0, 0),
(20101, 12, 2, 0, 0),
(20101, 12, 3, 0, 0),
(20201, 1, 1, 0, 0),
(20201, 1, 2, 0, 0),
(20201, 1, 3, 0, 0),
(20201, 2, 1, 0, 0),
(20201, 2, 2, 0, 0),
(20201, 2, 3, 0, 0),
(20201, 3, 1, 0, 0),
(20201, 3, 2, 0, 0),
(20201, 3, 3, 0, 0),
(20201, 4, 1, 0, 0),
(20201, 4, 2, 0, 0),
(20201, 4, 3, 0, 0),
(20201, 5, 1, 0, 0),
(20201, 5, 2, 0, 0),
(20201, 5, 3, 0, 0),
(20201, 6, 1, 0, 0),
(20201, 6, 2, 0, 0),
(20201, 6, 3, 0, 0),
(20201, 7, 1, 0, 0),
(20201, 7, 2, 0, 0),
(20201, 7, 3, 0, 0),
(20201, 8, 1, 0, 0),
(20201, 8, 2, 0, 0),
(20201, 8, 3, 0, 0),
(20201, 9, 1, 0, 0),
(20201, 9, 2, 0, 0),
(20201, 9, 3, 0, 0),
(20201, 10, 1, 0, 0),
(20201, 10, 2, 0, 0),
(20201, 10, 3, 0, 0),
(20201, 11, 1, 0, 0),
(20201, 11, 2, 0, 0),
(20201, 11, 3, 0, 0),
(20201, 12, 1, 0, 0),
(20201, 12, 2, 0, 0),
(20201, 12, 3, 0, 0),
(20301, 1, 1, 0, 0),
(20301, 1, 2, 0, 0),
(20301, 1, 3, 0, 0),
(20301, 2, 1, 0, 0),
(20301, 2, 2, 0, 0),
(20301, 2, 3, 0, 0),
(20301, 3, 1, 0, 0),
(20301, 3, 2, 0, 0),
(20301, 3, 3, 0, 0),
(20301, 4, 1, 0, 0),
(20301, 4, 2, 0, 0),
(20301, 4, 3, 0, 0),
(20301, 5, 1, 0, 0),
(20301, 5, 2, 0, 0),
(20301, 5, 3, 0, 0),
(20301, 6, 1, 0, 0),
(20301, 6, 2, 0, 0),
(20301, 6, 3, 0, 0),
(20301, 7, 1, 0, 0),
(20301, 7, 2, 0, 0),
(20301, 7, 3, 0, 0),
(20301, 8, 1, 0, 0),
(20301, 8, 2, 0, 0),
(20301, 8, 3, 0, 0),
(20301, 9, 1, 0, 0),
(20301, 9, 2, 0, 0),
(20301, 9, 3, 0, 0),
(20301, 10, 1, 0, 0),
(20301, 10, 2, 0, 0),
(20301, 10, 3, 0, 0),
(20301, 11, 1, 0, 0),
(20301, 11, 2, 0, 0),
(20301, 11, 3, 0, 0),
(20301, 12, 1, 0, 0),
(20301, 12, 2, 0, 0),
(20301, 12, 3, 0, 0),
(20302, 1, 1, 0, 0),
(20302, 1, 2, 0, 0),
(20302, 1, 3, 0, 0),
(20302, 2, 1, 0, 0),
(20302, 2, 2, 0, 0),
(20302, 2, 3, 0, 0),
(20302, 3, 1, 0, 0),
(20302, 3, 2, 0, 0),
(20302, 3, 3, 0, 0),
(20302, 4, 1, 0, 0),
(20302, 4, 2, 0, 0),
(20302, 4, 3, 0, 0),
(20302, 5, 1, 0, 0),
(20302, 5, 2, 0, 0),
(20302, 5, 3, 0, 0),
(20302, 6, 1, 0, 0),
(20302, 6, 2, 0, 0),
(20302, 6, 3, 0, 0),
(20302, 7, 1, 0, 0),
(20302, 7, 2, 0, 0),
(20302, 7, 3, 0, 0),
(20302, 8, 1, 0, 0),
(20302, 8, 2, 0, 0),
(20302, 8, 3, 0, 0),
(20302, 9, 1, 0, 0),
(20302, 9, 2, 0, 0),
(20302, 9, 3, 0, 0),
(20302, 10, 1, 0, 0),
(20302, 10, 2, 0, 0),
(20302, 10, 3, 0, 0),
(20302, 11, 1, 0, 0),
(20302, 11, 2, 0, 0),
(20302, 11, 3, 0, 0),
(20302, 12, 1, 0, 0),
(20302, 12, 2, 0, 0),
(20302, 12, 3, 0, 0),
(20401, 1, 1, 0, 0),
(20401, 1, 2, 0, 0),
(20401, 1, 3, 0, 0),
(20401, 2, 1, 0, 0),
(20401, 2, 2, 0, 0),
(20401, 2, 3, 0, 0),
(20401, 3, 1, 0, 0),
(20401, 3, 2, 0, 0),
(20401, 3, 3, 0, 0),
(20401, 4, 1, 0, 0),
(20401, 4, 2, 0, 0),
(20401, 4, 3, 0, 0),
(20401, 5, 1, 0, 0),
(20401, 5, 2, 0, 0),
(20401, 5, 3, 0, 0),
(20401, 6, 1, 0, 0),
(20401, 6, 2, 0, 0),
(20401, 6, 3, 0, 0),
(20401, 7, 1, 0, 0),
(20401, 7, 2, 0, 0),
(20401, 7, 3, 0, 0),
(20401, 8, 1, 0, 0),
(20401, 8, 2, 0, 0),
(20401, 8, 3, 0, 0),
(20401, 9, 1, 0, 0),
(20401, 9, 2, 0, 0),
(20401, 9, 3, 0, 0),
(20401, 10, 1, 0, 0),
(20401, 10, 2, 0, 0),
(20401, 10, 3, 0, 0),
(20401, 11, 1, 0, 0),
(20401, 11, 2, 0, 0),
(20401, 11, 3, 0, 0),
(20401, 12, 1, 0, 0),
(20401, 12, 2, 0, 0),
(20401, 12, 3, 0, 0),
(20402, 1, 1, 0, 0),
(20402, 1, 2, 0, 0),
(20402, 1, 3, 0, 0),
(20402, 2, 1, 0, 0),
(20402, 2, 2, 0, 0),
(20402, 2, 3, 0, 0),
(20402, 3, 1, 0, 0),
(20402, 3, 2, 0, 0),
(20402, 3, 3, 0, 0),
(20402, 4, 1, 0, 0),
(20402, 4, 2, 0, 0),
(20402, 4, 3, 0, 0),
(20402, 5, 1, 0, 0),
(20402, 5, 2, 0, 0),
(20402, 5, 3, 0, 0),
(20402, 6, 1, 0, 0),
(20402, 6, 2, 0, 0),
(20402, 6, 3, 0, 0),
(20402, 7, 1, 0, 0),
(20402, 7, 2, 0, 0),
(20402, 7, 3, 0, 0),
(20402, 8, 1, 0, 0),
(20402, 8, 2, 0, 0),
(20402, 8, 3, 0, 0),
(20402, 9, 1, 0, 0),
(20402, 9, 2, 0, 0),
(20402, 9, 3, 0, 0),
(20402, 10, 1, 0, 0),
(20402, 10, 2, 0, 0),
(20402, 10, 3, 0, 0),
(20402, 11, 1, 0, 0),
(20402, 11, 2, 0, 0),
(20402, 11, 3, 0, 0),
(20402, 12, 1, 0, 0),
(20402, 12, 2, 0, 0),
(20402, 12, 3, 0, 0),
(20403, 1, 1, 0, 0),
(20403, 1, 2, 0, 0),
(20403, 1, 3, 0, 0),
(20403, 2, 1, 0, 0),
(20403, 2, 2, 0, 0),
(20403, 2, 3, 0, 0),
(20403, 3, 1, 0, 0),
(20403, 3, 2, 0, 0),
(20403, 3, 3, 0, 0),
(20403, 4, 1, 0, 0),
(20403, 4, 2, 0, 0),
(20403, 4, 3, 0, 0),
(20403, 5, 1, 0, 0),
(20403, 5, 2, 0, 0),
(20403, 5, 3, 0, 0),
(20403, 6, 1, 0, 0),
(20403, 6, 2, 0, 0),
(20403, 6, 3, 0, 0),
(20403, 7, 1, 0, 0),
(20403, 7, 2, 0, 0),
(20403, 7, 3, 0, 0),
(20403, 8, 1, 0, 0),
(20403, 8, 2, 0, 0),
(20403, 8, 3, 0, 0),
(20403, 9, 1, 0, 0),
(20403, 9, 2, 0, 0),
(20403, 9, 3, 0, 0),
(20403, 10, 1, 0, 0),
(20403, 10, 2, 0, 0),
(20403, 10, 3, 0, 0),
(20403, 11, 1, 0, 0),
(20403, 11, 2, 0, 0),
(20403, 11, 3, 0, 0),
(20403, 12, 1, 0, 0),
(20403, 12, 2, 0, 0),
(20403, 12, 3, 0, 0),
(30101, 1, 1, 0, 0),
(30101, 1, 2, 0, 0),
(30101, 1, 3, 0, 0),
(30101, 2, 1, 0, 0),
(30101, 2, 2, 0, 0),
(30101, 2, 3, 0, 0),
(30101, 3, 1, 0, 0),
(30101, 3, 2, 0, 0),
(30101, 3, 3, 0, 0),
(30101, 4, 1, 0, 0),
(30101, 4, 2, 0, 0),
(30101, 4, 3, 0, 0),
(30101, 5, 1, 0, 0),
(30101, 5, 2, 0, 0),
(30101, 5, 3, 0, 0),
(30101, 6, 1, 0, 0),
(30101, 6, 2, 0, 0),
(30101, 6, 3, 0, 0),
(30101, 7, 1, 0, 0),
(30101, 7, 2, 0, 0),
(30101, 7, 3, 0, 0),
(30101, 8, 1, 0, 0),
(30101, 8, 2, 0, 0),
(30101, 8, 3, 0, 0),
(30101, 9, 1, 0, 0),
(30101, 9, 2, 0, 0),
(30101, 9, 3, 0, 0),
(30101, 10, 1, 0, 0),
(30101, 10, 2, 0, 0),
(30101, 10, 3, 0, 0),
(30101, 11, 1, 0, 0),
(30101, 11, 2, 0, 0),
(30101, 11, 3, 0, 0),
(30101, 12, 1, 0, 0),
(30101, 12, 2, 0, 0),
(30101, 12, 3, 0, 0),
(30201, 1, 1, 0, 0),
(30201, 1, 2, 0, 0),
(30201, 1, 3, 0, 0),
(30201, 2, 1, 0, 0),
(30201, 2, 2, 0, 0),
(30201, 2, 3, 0, 0),
(30201, 3, 1, 0, 0),
(30201, 3, 2, 0, 0),
(30201, 3, 3, 0, 0),
(30201, 4, 1, 0, 0),
(30201, 4, 2, 0, 0),
(30201, 4, 3, 0, 0),
(30201, 5, 1, 0, 0),
(30201, 5, 2, 0, 0),
(30201, 5, 3, 0, 0),
(30201, 6, 1, 0, 0),
(30201, 6, 2, 0, 0),
(30201, 6, 3, 0, 0),
(30201, 7, 1, 0, 0),
(30201, 7, 2, 0, 0),
(30201, 7, 3, 0, 0),
(30201, 8, 1, 0, 0),
(30201, 8, 2, 0, 0),
(30201, 8, 3, 0, 0),
(30201, 9, 1, 0, 0),
(30201, 9, 2, 0, 0),
(30201, 9, 3, 0, 0),
(30201, 10, 1, 0, 0),
(30201, 10, 2, 0, 0),
(30201, 10, 3, 0, 0),
(30201, 11, 1, 0, 0),
(30201, 11, 2, 0, 0),
(30201, 11, 3, 0, 0),
(30201, 12, 1, 0, 0),
(30201, 12, 2, 0, 0),
(30201, 12, 3, 0, 0),
(30301, 1, 1, 0, 0),
(30301, 1, 2, 0, 0),
(30301, 1, 3, 0, 0),
(30301, 2, 1, 0, 0),
(30301, 2, 2, 0, 0),
(30301, 2, 3, 0, 0),
(30301, 3, 1, 0, 0),
(30301, 3, 2, 0, 0),
(30301, 3, 3, 0, 0),
(30301, 4, 1, 0, 0),
(30301, 4, 2, 0, 0),
(30301, 4, 3, 0, 0),
(30301, 5, 1, 0, 0),
(30301, 5, 2, 0, 0),
(30301, 5, 3, 0, 0),
(30301, 6, 1, 0, 0),
(30301, 6, 2, 0, 0),
(30301, 6, 3, 0, 0),
(30301, 7, 1, 0, 0),
(30301, 7, 2, 0, 0),
(30301, 7, 3, 0, 0),
(30301, 8, 1, 0, 0),
(30301, 8, 2, 0, 0),
(30301, 8, 3, 0, 0),
(30301, 9, 1, 0, 0),
(30301, 9, 2, 0, 0),
(30301, 9, 3, 0, 0),
(30301, 10, 1, 0, 0),
(30301, 10, 2, 0, 0),
(30301, 10, 3, 0, 0),
(30301, 11, 1, 0, 0),
(30301, 11, 2, 0, 0),
(30301, 11, 3, 0, 0),
(30301, 12, 1, 0, 0),
(30301, 12, 2, 0, 0),
(30301, 12, 3, 0, 0),
(30401, 1, 1, 0, 0),
(30401, 1, 2, 0, 0),
(30401, 1, 3, 0, 0),
(30401, 2, 1, 0, 0),
(30401, 2, 2, 0, 0),
(30401, 2, 3, 0, 0),
(30401, 3, 1, 0, 0),
(30401, 3, 2, 0, 0),
(30401, 3, 3, 0, 0),
(30401, 4, 1, 0, 0),
(30401, 4, 2, 0, 0),
(30401, 4, 3, 0, 0),
(30401, 5, 1, 0, 0),
(30401, 5, 2, 0, 0),
(30401, 5, 3, 0, 0),
(30401, 6, 1, 0, 0),
(30401, 6, 2, 0, 0),
(30401, 6, 3, 0, 0),
(30401, 7, 1, 0, 0),
(30401, 7, 2, 0, 0),
(30401, 7, 3, 0, 0),
(30401, 8, 1, 0, 0),
(30401, 8, 2, 0, 0),
(30401, 8, 3, 0, 0),
(30401, 9, 1, 0, 0),
(30401, 9, 2, 0, 0),
(30401, 9, 3, 0, 0),
(30401, 10, 1, 0, 0),
(30401, 10, 2, 0, 0),
(30401, 10, 3, 0, 0),
(30401, 11, 1, 0, 0),
(30401, 11, 2, 0, 0),
(30401, 11, 3, 0, 0),
(30401, 12, 1, 0, 0),
(30401, 12, 2, 0, 0),
(30401, 12, 3, 0, 0),
(30402, 1, 1, 0, 0),
(30402, 1, 2, 0, 0),
(30402, 1, 3, 0, 0),
(30402, 2, 1, 0, 0),
(30402, 2, 2, 0, 0),
(30402, 2, 3, 0, 0),
(30402, 3, 1, 0, 0),
(30402, 3, 2, 0, 0),
(30402, 3, 3, 0, 0),
(30402, 4, 1, 0, 0),
(30402, 4, 2, 0, 0),
(30402, 4, 3, 0, 0),
(30402, 5, 1, 0, 0),
(30402, 5, 2, 0, 0),
(30402, 5, 3, 0, 0),
(30402, 6, 1, 0, 0),
(30402, 6, 2, 0, 0),
(30402, 6, 3, 0, 0),
(30402, 7, 1, 0, 0),
(30402, 7, 2, 0, 0),
(30402, 7, 3, 0, 0),
(30402, 8, 1, 0, 0),
(30402, 8, 2, 0, 0),
(30402, 8, 3, 0, 0),
(30402, 9, 1, 0, 0),
(30402, 9, 2, 0, 0),
(30402, 9, 3, 0, 0),
(30402, 10, 1, 0, 0),
(30402, 10, 2, 0, 0),
(30402, 10, 3, 0, 0),
(30402, 11, 1, 0, 0),
(30402, 11, 2, 0, 0),
(30402, 11, 3, 0, 0),
(30402, 12, 1, 0, 0),
(30402, 12, 2, 0, 0),
(30402, 12, 3, 0, 0),
(30403, 1, 1, 0, 0),
(30403, 1, 2, 0, 0),
(30403, 1, 3, 0, 0),
(30403, 2, 1, 0, 0),
(30403, 2, 2, 0, 0),
(30403, 2, 3, 0, 0),
(30403, 3, 1, 0, 0),
(30403, 3, 2, 0, 0),
(30403, 3, 3, 0, 0),
(30403, 4, 1, 0, 0),
(30403, 4, 2, 0, 0),
(30403, 4, 3, 0, 0),
(30403, 5, 1, 0, 0),
(30403, 5, 2, 0, 0),
(30403, 5, 3, 0, 0),
(30403, 6, 1, 0, 0),
(30403, 6, 2, 0, 0),
(30403, 6, 3, 0, 0),
(30403, 7, 1, 0, 0),
(30403, 7, 2, 0, 0),
(30403, 7, 3, 0, 0),
(30403, 8, 1, 0, 0),
(30403, 8, 2, 0, 0),
(30403, 8, 3, 0, 0),
(30403, 9, 1, 0, 0),
(30403, 9, 2, 0, 0),
(30403, 9, 3, 0, 0),
(30403, 10, 1, 0, 0),
(30403, 10, 2, 0, 0),
(30403, 10, 3, 0, 0),
(30403, 11, 1, 0, 0),
(30403, 11, 2, 0, 0),
(30403, 11, 3, 0, 0),
(30403, 12, 1, 0, 0),
(30403, 12, 2, 0, 0),
(30403, 12, 3, 0, 0),
(30404, 1, 1, 0, 0),
(30404, 1, 2, 0, 0),
(30404, 1, 3, 0, 0),
(30404, 2, 1, 0, 0),
(30404, 2, 2, 0, 0),
(30404, 2, 3, 0, 0),
(30404, 3, 1, 0, 0),
(30404, 3, 2, 0, 0),
(30404, 3, 3, 0, 0),
(30404, 4, 1, 0, 0),
(30404, 4, 2, 0, 0),
(30404, 4, 3, 0, 0),
(30404, 5, 1, 0, 0),
(30404, 5, 2, 0, 0),
(30404, 5, 3, 0, 0),
(30404, 6, 1, 0, 0),
(30404, 6, 2, 0, 0),
(30404, 6, 3, 0, 0),
(30404, 7, 1, 0, 0),
(30404, 7, 2, 0, 0),
(30404, 7, 3, 0, 0),
(30404, 8, 1, 0, 0),
(30404, 8, 2, 0, 0),
(30404, 8, 3, 0, 0),
(30404, 9, 1, 0, 0),
(30404, 9, 2, 0, 0),
(30404, 9, 3, 0, 0),
(30404, 10, 1, 0, 0),
(30404, 10, 2, 0, 0),
(30404, 10, 3, 0, 0),
(30404, 11, 1, 0, 0),
(30404, 11, 2, 0, 0),
(30404, 11, 3, 0, 0),
(30404, 12, 1, 0, 0),
(30404, 12, 2, 0, 0),
(30404, 12, 3, 0, 0),
(40101, 1, 1, 0, 0),
(40101, 1, 2, 0, 0),
(40101, 1, 3, 0, 0),
(40101, 2, 1, 0, 0),
(40101, 2, 2, 0, 0),
(40101, 2, 3, 0, 0),
(40101, 3, 1, 0, 0),
(40101, 3, 2, 0, 0),
(40101, 3, 3, 0, 0),
(40101, 4, 1, 0, 0),
(40101, 4, 2, 0, 0),
(40101, 4, 3, 0, 0),
(40101, 5, 1, 0, 0),
(40101, 5, 2, 0, 0),
(40101, 5, 3, 0, 0),
(40101, 6, 1, 0, 0),
(40101, 6, 2, 0, 0),
(40101, 6, 3, 0, 0),
(40101, 7, 1, 0, 0),
(40101, 7, 2, 0, 0),
(40101, 7, 3, 0, 0),
(40101, 8, 1, 0, 0),
(40101, 8, 2, 0, 0),
(40101, 8, 3, 0, 0),
(40101, 9, 1, 0, 0),
(40101, 9, 2, 0, 0),
(40101, 9, 3, 0, 0),
(40101, 10, 1, 0, 0),
(40101, 10, 2, 0, 0),
(40101, 10, 3, 0, 0),
(40101, 11, 1, 0, 0),
(40101, 11, 2, 0, 0),
(40101, 11, 3, 0, 0),
(40101, 12, 1, 0, 0),
(40101, 12, 2, 0, 0),
(40101, 12, 3, 0, 0),
(40301, 1, 1, 0, 0),
(40301, 1, 2, 0, 0),
(40301, 1, 3, 0, 0),
(40301, 2, 1, 0, 0),
(40301, 2, 2, 0, 0),
(40301, 2, 3, 0, 0),
(40301, 3, 1, 0, 0),
(40301, 3, 2, 0, 0),
(40301, 3, 3, 0, 0),
(40301, 4, 1, 0, 0),
(40301, 4, 2, 0, 0),
(40301, 4, 3, 0, 0),
(40301, 5, 1, 0, 0),
(40301, 5, 2, 0, 0),
(40301, 5, 3, 0, 0),
(40301, 6, 1, 0, 0),
(40301, 6, 2, 0, 0),
(40301, 6, 3, 0, 0),
(40301, 7, 1, 0, 0),
(40301, 7, 2, 0, 0),
(40301, 7, 3, 0, 0),
(40301, 8, 1, 0, 0),
(40301, 8, 2, 0, 0),
(40301, 8, 3, 0, 0),
(40301, 9, 1, 0, 0),
(40301, 9, 2, 0, 0),
(40301, 9, 3, 0, 0),
(40301, 10, 1, 0, 0),
(40301, 10, 2, 0, 0),
(40301, 10, 3, 0, 0),
(40301, 11, 1, 0, 0),
(40301, 11, 2, 0, 0),
(40301, 11, 3, 0, 0),
(40301, 12, 1, 0, 0),
(40301, 12, 2, 0, 0),
(40301, 12, 3, 0, 0),
(40302, 1, 1, 0, 0),
(40302, 1, 2, 0, 0),
(40302, 1, 3, 0, 0),
(40302, 2, 1, 0, 0),
(40302, 2, 2, 0, 0),
(40302, 2, 3, 0, 0),
(40302, 3, 1, 0, 0),
(40302, 3, 2, 0, 0),
(40302, 3, 3, 0, 0),
(40302, 4, 1, 0, 0),
(40302, 4, 2, 0, 0),
(40302, 4, 3, 0, 0),
(40302, 5, 1, 0, 0),
(40302, 5, 2, 0, 0),
(40302, 5, 3, 0, 0),
(40302, 6, 1, 0, 0),
(40302, 6, 2, 0, 0),
(40302, 6, 3, 0, 0),
(40302, 7, 1, 0, 0),
(40302, 7, 2, 0, 0),
(40302, 7, 3, 0, 0),
(40302, 8, 1, 0, 0),
(40302, 8, 2, 0, 0),
(40302, 8, 3, 0, 0),
(40302, 9, 1, 0, 0),
(40302, 9, 2, 0, 0),
(40302, 9, 3, 0, 0),
(40302, 10, 1, 0, 0),
(40302, 10, 2, 0, 0),
(40302, 10, 3, 0, 0),
(40302, 11, 1, 0, 0),
(40302, 11, 2, 0, 0),
(40302, 11, 3, 0, 0),
(40302, 12, 1, 0, 0),
(40302, 12, 2, 0, 0),
(40302, 12, 3, 0, 0);

--
-- 触发器 `allowance`
--
DROP TRIGGER IF EXISTS `CalcTotalSalaryWithAllowance`;
DELIMITER //
CREATE TRIGGER `CalcTotalSalaryWithAllowance` AFTER UPDATE ON `allowance`
 FOR EACH ROW BEGIN
declare L_BaseSalary INT;
declare L_NewReward INT;
declare L_OldReward INT;

Set L_NewReward = NEW.Al_Reward;
Set L_OldReward = OLD.Al_Reward;

update Salary set S_Reward = (select sum(Al_Reward) from allowance where S_ENo = NEW.Al_ENo and S_Month = NEW.Al_Month);

update Salary set S_TotalSalary = S_TotalSalary + L_NewReward - L_OldReward where S_ENo = NEW.Al_ENo and S_Month = NEW.Al_Month;
END
//
DELIMITER ;

-- --------------------------------------------------------

--
-- 表的结构 `attendance`
--

CREATE TABLE IF NOT EXISTS `attendance` (
  `At_ENo` int(11) NOT NULL DEFAULT '0',
  `At_Month` int(11) NOT NULL DEFAULT '0',
  `At_LateTimes` int(11) DEFAULT NULL,
  `At_AbsentTimes` int(11) DEFAULT NULL,
  `At_DeductMoney` int(11) DEFAULT NULL,
  PRIMARY KEY (`At_ENo`,`At_Month`)
) ENGINE=InnoDB DEFAULT CHARSET=gbk;

--
-- 转存表中的数据 `attendance`
--

INSERT INTO `attendance` (`At_ENo`, `At_Month`, `At_LateTimes`, `At_AbsentTimes`, `At_DeductMoney`) VALUES
(10101, 1, 0, 0, 0),
(10101, 2, 0, 0, 0),
(10101, 3, 0, 0, 0),
(10101, 4, 0, 0, 0),
(10101, 5, 0, 0, 0),
(10101, 6, 0, 0, 0),
(10101, 7, 0, 0, 0),
(10101, 8, 0, 0, 0),
(10101, 9, 0, 0, 0),
(10101, 10, 0, 0, 0),
(10101, 11, 0, 0, 0),
(10101, 12, 0, 0, 0),
(10201, 1, 0, 0, 0),
(10201, 2, 0, 0, 0),
(10201, 3, 0, 0, 0),
(10201, 4, 0, 0, 0),
(10201, 5, 0, 0, 0),
(10201, 6, 0, 0, 0),
(10201, 7, 0, 0, 0),
(10201, 8, 0, 0, 0),
(10201, 9, 0, 0, 0),
(10201, 10, 0, 0, 0),
(10201, 11, 0, 0, 0),
(10201, 12, 0, 0, 0),
(10202, 1, 0, 0, 0),
(10202, 2, 0, 0, 0),
(10202, 3, 0, 0, 0),
(10202, 4, 0, 0, 0),
(10202, 5, 0, 0, 0),
(10202, 6, 0, 0, 0),
(10202, 7, 0, 0, 0),
(10202, 8, 0, 0, 0),
(10202, 9, 0, 0, 0),
(10202, 10, 0, 0, 0),
(10202, 11, 0, 0, 0),
(10202, 12, 0, 0, 0),
(10301, 1, 0, 0, 0),
(10301, 2, 0, 0, 0),
(10301, 3, 0, 0, 0),
(10301, 4, 0, 0, 0),
(10301, 5, 0, 0, 0),
(10301, 6, 0, 0, 0),
(10301, 7, 0, 0, 0),
(10301, 8, 0, 0, 0),
(10301, 9, 0, 0, 0),
(10301, 10, 0, 0, 0),
(10301, 11, 0, 0, 0),
(10301, 12, 0, 0, 0),
(10302, 1, 0, 0, 0),
(10302, 2, 0, 0, 0),
(10302, 3, 0, 0, 0),
(10302, 4, 0, 0, 0),
(10302, 5, 0, 0, 0),
(10302, 6, 0, 0, 0),
(10302, 7, 0, 0, 0),
(10302, 8, 0, 0, 0),
(10302, 9, 0, 0, 0),
(10302, 10, 0, 0, 0),
(10302, 11, 0, 0, 0),
(10302, 12, 0, 0, 0),
(10303, 1, 0, 0, 0),
(10303, 2, 0, 0, 0),
(10303, 3, 0, 0, 0),
(10303, 4, 0, 0, 0),
(10303, 5, 0, 0, 0),
(10303, 6, 0, 0, 0),
(10303, 7, 0, 0, 0),
(10303, 8, 0, 0, 0),
(10303, 9, 0, 0, 0),
(10303, 10, 0, 0, 0),
(10303, 11, 0, 0, 0),
(10303, 12, 0, 0, 0),
(10304, 1, 0, 0, 0),
(10304, 2, 0, 0, 0),
(10304, 3, 0, 0, 0),
(10304, 4, 0, 0, 0),
(10304, 5, 0, 0, 0),
(10304, 6, 0, 0, 0),
(10304, 7, 0, 0, 0),
(10304, 8, 0, 0, 0),
(10304, 9, 0, 0, 0),
(10304, 10, 0, 0, 0),
(10304, 11, 0, 0, 0),
(10304, 12, 0, 0, 0),
(10401, 1, 0, 0, 0),
(10401, 2, 0, 0, 0),
(10401, 3, 0, 0, 0),
(10401, 4, 0, 0, 0),
(10401, 5, 0, 0, 0),
(10401, 6, 0, 0, 0),
(10401, 7, 0, 0, 0),
(10401, 8, 0, 0, 0),
(10401, 9, 0, 0, 0),
(10401, 10, 0, 0, 0),
(10401, 11, 0, 0, 0),
(10401, 12, 0, 0, 0),
(20101, 1, 0, 0, 0),
(20101, 2, 0, 0, 0),
(20101, 3, 0, 0, 0),
(20101, 4, 0, 0, 0),
(20101, 5, 0, 0, 0),
(20101, 6, 0, 0, 0),
(20101, 7, 0, 0, 0),
(20101, 8, 0, 0, 0),
(20101, 9, 0, 0, 0),
(20101, 10, 0, 0, 0),
(20101, 11, 0, 0, 0),
(20101, 12, 0, 0, 0),
(20201, 1, 0, 0, 0),
(20201, 2, 0, 0, 0),
(20201, 3, 0, 0, 0),
(20201, 4, 0, 0, 0),
(20201, 5, 0, 0, 0),
(20201, 6, 0, 0, 0),
(20201, 7, 0, 0, 0),
(20201, 8, 0, 0, 0),
(20201, 9, 0, 0, 0),
(20201, 10, 0, 0, 0),
(20201, 11, 0, 0, 0),
(20201, 12, 0, 0, 0),
(20301, 1, 0, 0, 0),
(20301, 2, 0, 0, 0),
(20301, 3, 0, 0, 0),
(20301, 4, 0, 0, 0),
(20301, 5, 0, 0, 0),
(20301, 6, 0, 0, 0),
(20301, 7, 0, 0, 0),
(20301, 8, 0, 0, 0),
(20301, 9, 0, 0, 0),
(20301, 10, 0, 0, 0),
(20301, 11, 0, 0, 0),
(20301, 12, 0, 0, 0),
(20302, 1, 0, 0, 0),
(20302, 2, 0, 0, 0),
(20302, 3, 0, 0, 0),
(20302, 4, 0, 0, 0),
(20302, 5, 0, 0, 0),
(20302, 6, 0, 0, 0),
(20302, 7, 0, 0, 0),
(20302, 8, 0, 0, 0),
(20302, 9, 0, 0, 0),
(20302, 10, 0, 0, 0),
(20302, 11, 0, 0, 0),
(20302, 12, 0, 0, 0),
(20401, 1, 0, 0, 0),
(20401, 2, 0, 0, 0),
(20401, 3, 0, 0, 0),
(20401, 4, 0, 0, 0),
(20401, 5, 0, 0, 0),
(20401, 6, 0, 0, 0),
(20401, 7, 0, 0, 0),
(20401, 8, 0, 0, 0),
(20401, 9, 0, 0, 0),
(20401, 10, 0, 0, 0),
(20401, 11, 0, 0, 0),
(20401, 12, 0, 0, 0),
(20402, 1, 0, 0, 0),
(20402, 2, 0, 0, 0),
(20402, 3, 0, 0, 0),
(20402, 4, 0, 0, 0),
(20402, 5, 0, 0, 0),
(20402, 6, 0, 0, 0),
(20402, 7, 0, 0, 0),
(20402, 8, 0, 0, 0),
(20402, 9, 0, 0, 0),
(20402, 10, 0, 0, 0),
(20402, 11, 0, 0, 0),
(20402, 12, 0, 0, 0),
(20403, 1, 0, 0, 0),
(20403, 2, 0, 0, 0),
(20403, 3, 0, 0, 0),
(20403, 4, 0, 0, 0),
(20403, 5, 0, 0, 0),
(20403, 6, 0, 0, 0),
(20403, 7, 0, 0, 0),
(20403, 8, 0, 0, 0),
(20403, 9, 0, 0, 0),
(20403, 10, 0, 0, 0),
(20403, 11, 0, 0, 0),
(20403, 12, 0, 0, 0),
(30101, 1, 0, 0, 0),
(30101, 2, 0, 0, 0),
(30101, 3, 0, 0, 0),
(30101, 4, 0, 0, 0),
(30101, 5, 0, 0, 0),
(30101, 6, 0, 0, 0),
(30101, 7, 0, 0, 0),
(30101, 8, 0, 0, 0),
(30101, 9, 0, 0, 0),
(30101, 10, 0, 0, 0),
(30101, 11, 0, 0, 0),
(30101, 12, 0, 0, 0),
(30201, 1, 0, 0, 0),
(30201, 2, 0, 0, 0),
(30201, 3, 0, 0, 0),
(30201, 4, 0, 0, 0),
(30201, 5, 0, 0, 0),
(30201, 6, 0, 0, 0),
(30201, 7, 0, 0, 0),
(30201, 8, 0, 0, 0),
(30201, 9, 0, 0, 0),
(30201, 10, 0, 0, 0),
(30201, 11, 0, 0, 0),
(30201, 12, 0, 0, 0),
(30301, 1, 0, 0, 0),
(30301, 2, 0, 0, 0),
(30301, 3, 0, 0, 0),
(30301, 4, 0, 0, 0),
(30301, 5, 0, 0, 0),
(30301, 6, 0, 0, 0),
(30301, 7, 0, 0, 0),
(30301, 8, 0, 0, 0),
(30301, 9, 0, 0, 0),
(30301, 10, 0, 0, 0),
(30301, 11, 0, 0, 0),
(30301, 12, 0, 0, 0),
(30401, 1, 0, 0, 0),
(30401, 2, 0, 0, 0),
(30401, 3, 0, 0, 0),
(30401, 4, 0, 0, 0),
(30401, 5, 0, 0, 0),
(30401, 6, 0, 0, 0),
(30401, 7, 0, 0, 0),
(30401, 8, 0, 0, 0),
(30401, 9, 0, 0, 0),
(30401, 10, 0, 0, 0),
(30401, 11, 0, 0, 0),
(30401, 12, 0, 0, 0),
(30402, 1, 0, 0, 0),
(30402, 2, 0, 0, 0),
(30402, 3, 0, 0, 0),
(30402, 4, 0, 0, 0),
(30402, 5, 0, 0, 0),
(30402, 6, 0, 0, 0),
(30402, 7, 0, 0, 0),
(30402, 8, 0, 0, 0),
(30402, 9, 0, 0, 0),
(30402, 10, 0, 0, 0),
(30402, 11, 0, 0, 0),
(30402, 12, 0, 0, 0),
(30403, 1, 0, 0, 0),
(30403, 2, 0, 0, 0),
(30403, 3, 0, 0, 0),
(30403, 4, 0, 0, 0),
(30403, 5, 0, 0, 0),
(30403, 6, 0, 0, 0),
(30403, 7, 0, 0, 0),
(30403, 8, 0, 0, 0),
(30403, 9, 0, 0, 0),
(30403, 10, 0, 0, 0),
(30403, 11, 0, 0, 0),
(30403, 12, 0, 0, 0),
(30404, 1, 0, 0, 0),
(30404, 2, 0, 0, 0),
(30404, 3, 0, 0, 0),
(30404, 4, 0, 0, 0),
(30404, 5, 0, 0, 0),
(30404, 6, 0, 0, 0),
(30404, 7, 0, 0, 0),
(30404, 8, 0, 0, 0),
(30404, 9, 0, 0, 0),
(30404, 10, 0, 0, 0),
(30404, 11, 0, 0, 0),
(30404, 12, 0, 0, 0),
(40101, 1, 0, 0, 0),
(40101, 2, 0, 0, 0),
(40101, 3, 0, 0, 0),
(40101, 4, 0, 0, 0),
(40101, 5, 0, 0, 0),
(40101, 6, 0, 0, 0),
(40101, 7, 0, 0, 0),
(40101, 8, 0, 0, 0),
(40101, 9, 0, 0, 0),
(40101, 10, 0, 0, 0),
(40101, 11, 0, 0, 0),
(40101, 12, 0, 0, 0),
(40301, 1, 0, 0, 0),
(40301, 2, 0, 0, 0),
(40301, 3, 0, 0, 0),
(40301, 4, 0, 0, 0),
(40301, 5, 0, 0, 0),
(40301, 6, 0, 0, 0),
(40301, 7, 0, 0, 0),
(40301, 8, 0, 0, 0),
(40301, 9, 0, 0, 0),
(40301, 10, 0, 0, 0),
(40301, 11, 0, 0, 0),
(40301, 12, 0, 0, 0),
(40302, 1, 0, 0, 0),
(40302, 2, 0, 0, 0),
(40302, 3, 0, 0, 0),
(40302, 4, 0, 0, 0),
(40302, 5, 0, 0, 0),
(40302, 6, 0, 0, 0),
(40302, 7, 0, 0, 0),
(40302, 8, 0, 0, 0),
(40302, 9, 0, 0, 0),
(40302, 10, 0, 0, 0),
(40302, 11, 0, 0, 0),
(40302, 12, 0, 0, 0);

--
-- 触发器 `attendance`
--
DROP TRIGGER IF EXISTS `CalcTotalSalaryWithAttendance`;
DELIMITER //
CREATE TRIGGER `CalcTotalSalaryWithAttendance` AFTER UPDATE ON `attendance`
 FOR EACH ROW BEGIN
declare L_BaseSalary INT;
declare L_NewDeductMoney INT;
declare L_OldDeductMoney INT;

Set L_NewDeductMoney = NEW.At_DeductMoney;
Set L_OldDeductMoney = OLD.At_DeductMoney;

update Salary set S_DeductMoney = L_DeductMoney where S_ENo = NEW.At_ENo and S_Month = NEW.At_Month;

update Salary set S_TotalSalary = S_TotalSalary - L_NewDeductMoney + L_OldDeductMoney where S_ENo = NEW.At_ENo and S_Month = NEW.At_Month;
END
//
DELIMITER ;

-- --------------------------------------------------------

--
-- 表的结构 `employee`
--

CREATE TABLE IF NOT EXISTS `employee` (
  `E_No` int(11) NOT NULL DEFAULT '0',
  `E_Name` char(20) DEFAULT NULL,
  `E_Sex` char(2) DEFAULT NULL,
  `E_Age` int(11) DEFAULT NULL,
  `E_Tel` char(20) DEFAULT NULL,
  `E_PassWord` char(20) DEFAULT NULL,
  `E_RNo` int(11) DEFAULT NULL,
  `E_RPartNo` int(11) DEFAULT NULL,
  PRIMARY KEY (`E_No`),
  KEY `E_RPartNo` (`E_RPartNo`)
) ENGINE=InnoDB DEFAULT CHARSET=gbk;

--
-- 转存表中的数据 `employee`
--

INSERT INTO `employee` (`E_No`, `E_Name`, `E_Sex`, `E_Age`, `E_Tel`, `E_PassWord`, `E_RNo`, `E_RPartNo`) VALUES
(10101, '彭晗', '男', 20, '18292007713', '123456', 1, 1),
(10201, '宋青松', '男', 20, '18292007714', '123456', 2, 1),
(10202, '张嘉伟', '男', 20, '18292007715', '123456', 2, 1),
(10301, '彭晗晗', '男', 22, '15896547895', '123456', 3, 1),
(10302, '青松松', '女', 18, '18292007717', '123456', 3, 1),
(10303, '汉密尔顿', '男', 19, '18292007718', '123456', 3, 1),
(10304, '汤姆', '男', 45, '12121212123', '123456', 3, 1),
(10401, '丹尼尔', '女', 20, '18292007719', '123456', 4, 1),
(20101, '詹妮', '女', 30, '18829890051', '123456', 1, 2),
(20201, '亨利', '男', 32, '18829890052', '123456', 2, 2),
(20301, '吉普赛', '男', 31, '18829890053', '123456', 3, 2),
(20302, '哈里', '男', 30, '18829890054', '123456', 3, 2),
(20401, '莉莉', '女', 26, '18829890055', '123456', 4, 2),
(20402, '鲁迪', '女', 24, '18829890056', '123456', 4, 2),
(20403, '彼特', '男', 25, '18829890057', '123456', 4, 2),
(30101, '张三', '男', 20, '18292007813', '123456', 1, 3),
(30201, '李四', '男', 20, '18292007814', '123456', 2, 3),
(30301, '王五', '男', 20, '18292007815', '123456', 3, 3),
(30401, '赵二', '男', 19, '18292007816', '123456', 4, 3),
(30402, '钱六', '男', 18, '18292007817', '123456', 4, 3),
(30403, '孙七', '女', 19, '18292007818', '123456', 4, 3),
(30404, '陈八', '女', 20, '18292007919', '123456', 4, 3),
(40101, '大王', '男', 20, '18292007013', '123456', 1, 4),
(40301, '二王', '男', 20, '18292007014', '123456', 3, 4),
(40302, '三王', '男', 20, '18292007015', '123456', 3, 4);

--
-- 触发器 `employee`
--
DROP TRIGGER IF EXISTS `InsertEmployeeInfo`;
DELIMITER //
CREATE TRIGGER `InsertEmployeeInfo` AFTER INSERT ON `employee`
 FOR EACH ROW BEGIN

declare L_ENo INT;
declare L_iMonth INT;
declare L_iKind INT;
declare L_RNo INT;
declare L_BaseSalary INT;

set L_iMonth = 1;
set L_iKind = 1;
set L_ENo = NEW.E_No;
set L_RNo = NEW.E_RNo;

while (L_iMonth <= 12) do

insert into Attendance  values (L_ENo, L_iMonth, 0, 0, 0);

if (L_RNo = 1) then
set L_BaseSalary = 3000;
elseif (L_RNo = 2) then
set L_BaseSalary = 2500;
elseif (L_RNo = 3) then
set L_BaseSalary = 2000;
elseif (L_RNo = 4) then
set L_BaseSalary = 1800;
end if;

insert into Salary values (L_ENo, L_iMonth, 0, 0, L_BaseSalary);

while (L_iKind <= 3) do

insert into Allowance  values (L_ENo, L_iMonth, L_iKind, 0, 0);
set L_iKind = L_iKind + 1;

end while;

set L_iKind = 1;
set L_iMonth = L_iMonth + 1;

end while;

END
//
DELIMITER ;

-- --------------------------------------------------------

--
-- 表的结构 `rank`
--

CREATE TABLE IF NOT EXISTS `rank` (
  `R_No` int(11) NOT NULL DEFAULT '0',
  `R_Name` char(20) CHARACTER SET utf8 NOT NULL,
  `R_PartNo` int(11) NOT NULL DEFAULT '0',
  `R_PartName` char(20) DEFAULT NULL,
  `R_BaseSalary` int(11) DEFAULT NULL,
  PRIMARY KEY (`R_PartNo`,`R_No`)
) ENGINE=InnoDB DEFAULT CHARSET=gbk;

--
-- 转存表中的数据 `rank`
--

INSERT INTO `rank` (`R_No`, `R_Name`, `R_PartNo`, `R_PartName`, `R_BaseSalary`) VALUES
(1, '经理', 1, '财务部', 3000),
(2, '副经理', 1, '财务部', 2500),
(3, '组长', 1, '财务部', 2000),
(4, '员工', 1, '财务部', 1800),
(1, '经理', 2, '人事部', 3000),
(2, '副经理', 2, '人事部', 2500),
(3, '组长', 2, '人事部', 2000),
(4, '员工', 2, '人事部', 1800),
(1, '经理', 3, '销售部', 3000),
(2, '副经理', 3, '销售部', 2500),
(3, '组长', 3, '销售部', 2000),
(4, '员工', 3, '销售部', 1800),
(1, '经理', 4, '后勤部', 3000),
(2, '副经理', 4, '后勤部', 2500),
(3, '组长', 4, '后勤部', 2000),
(4, '员工', 4, '后勤部', 1800);

-- --------------------------------------------------------

--
-- 表的结构 `salary`
--

CREATE TABLE IF NOT EXISTS `salary` (
  `S_ENo` int(11) NOT NULL DEFAULT '0',
  `S_Month` int(11) NOT NULL DEFAULT '0',
  `S_DeductMoney` int(11) NOT NULL,
  `S_Reward` int(11) NOT NULL,
  `S_TotalSalary` int(11) DEFAULT NULL,
  PRIMARY KEY (`S_ENo`,`S_Month`)
) ENGINE=InnoDB DEFAULT CHARSET=gbk;

--
-- 转存表中的数据 `salary`
--

INSERT INTO `salary` (`S_ENo`, `S_Month`, `S_DeductMoney`, `S_Reward`, `S_TotalSalary`) VALUES
(10101, 1, 0, 0, 0),
(10101, 2, 0, 0, 0),
(10101, 3, 0, 0, 0),
(10101, 4, 0, 0, 0),
(10101, 5, 0, 0, 0),
(10101, 6, 0, 0, 0),
(10101, 7, 0, 0, 0),
(10101, 8, 0, 0, 0),
(10101, 9, 0, 0, 0),
(10101, 10, 0, 0, 0),
(10101, 11, 0, 0, 0),
(10101, 12, 0, 0, 0),
(10201, 1, 0, 0, 0),
(10201, 2, 0, 0, 0),
(10201, 3, 0, 0, 0),
(10201, 4, 0, 0, 0),
(10201, 5, 0, 0, 0),
(10201, 6, 0, 0, 0),
(10201, 7, 0, 0, 0),
(10201, 8, 0, 0, 0),
(10201, 9, 0, 0, 0),
(10201, 10, 0, 0, 0),
(10201, 11, 0, 0, 0),
(10201, 12, 0, 0, 0),
(10202, 1, 0, 0, 0),
(10202, 2, 0, 0, 0),
(10202, 3, 0, 0, 0),
(10202, 4, 0, 0, 0),
(10202, 5, 0, 0, 0),
(10202, 6, 0, 0, 0),
(10202, 7, 0, 0, 0),
(10202, 8, 0, 0, 0),
(10202, 9, 0, 0, 0),
(10202, 10, 0, 0, 0),
(10202, 11, 0, 0, 0),
(10202, 12, 0, 0, 0),
(10301, 1, 0, 0, 0),
(10301, 2, 0, 0, 0),
(10301, 3, 0, 0, 0),
(10301, 4, 0, 0, 0),
(10301, 5, 0, 0, 0),
(10301, 6, 0, 0, 0),
(10301, 7, 0, 0, 0),
(10301, 8, 0, 0, 0),
(10301, 9, 0, 0, 0),
(10301, 10, 0, 0, 0),
(10301, 11, 0, 0, 0),
(10301, 12, 0, 0, 0),
(10302, 1, 0, 0, 0),
(10302, 2, 0, 0, 0),
(10302, 3, 0, 0, 0),
(10302, 4, 0, 0, 0),
(10302, 5, 0, 0, 0),
(10302, 6, 0, 0, 0),
(10302, 7, 0, 0, 0),
(10302, 8, 0, 0, 0),
(10302, 9, 0, 0, 0),
(10302, 10, 0, 0, 0),
(10302, 11, 0, 0, 0),
(10302, 12, 0, 0, 0),
(10303, 1, 0, 0, 0),
(10303, 2, 0, 0, 0),
(10303, 3, 0, 0, 0),
(10303, 4, 0, 0, 0),
(10303, 5, 0, 0, 0),
(10303, 6, 0, 0, 0),
(10303, 7, 0, 0, 0),
(10303, 8, 0, 0, 0),
(10303, 9, 0, 0, 0),
(10303, 10, 0, 0, 0),
(10303, 11, 0, 0, 0),
(10303, 12, 0, 0, 0),
(10304, 1, 0, 0, 2000),
(10304, 2, 0, 0, 2000),
(10304, 3, 0, 0, 2000),
(10304, 4, 0, 0, 2000),
(10304, 5, 0, 0, 2000),
(10304, 6, 0, 0, 2000),
(10304, 7, 0, 0, 2000),
(10304, 8, 0, 0, 2000),
(10304, 9, 0, 0, 2000),
(10304, 10, 0, 0, 2000),
(10304, 11, 0, 0, 2000),
(10304, 12, 0, 0, 2000),
(10401, 1, 0, 0, 0),
(10401, 2, 0, 0, 0),
(10401, 3, 0, 0, 0),
(10401, 4, 0, 0, 0),
(10401, 5, 0, 0, 0),
(10401, 6, 0, 0, 0),
(10401, 7, 0, 0, 0),
(10401, 8, 0, 0, 0),
(10401, 9, 0, 0, 0),
(10401, 10, 0, 0, 0),
(10401, 11, 0, 0, 0),
(10401, 12, 0, 0, 0),
(20101, 1, 0, 0, 0),
(20101, 2, 0, 0, 0),
(20101, 3, 0, 0, 0),
(20101, 4, 0, 0, 0),
(20101, 5, 0, 0, 0),
(20101, 6, 0, 0, 0),
(20101, 7, 0, 0, 0),
(20101, 8, 0, 0, 0),
(20101, 9, 0, 0, 0),
(20101, 10, 0, 0, 0),
(20101, 11, 0, 0, 0),
(20101, 12, 0, 0, 0),
(20201, 1, 0, 0, 0),
(20201, 2, 0, 0, 0),
(20201, 3, 0, 0, 0),
(20201, 4, 0, 0, 0),
(20201, 5, 0, 0, 0),
(20201, 6, 0, 0, 0),
(20201, 7, 0, 0, 0),
(20201, 8, 0, 0, 0),
(20201, 9, 0, 0, 0),
(20201, 10, 0, 0, 0),
(20201, 11, 0, 0, 0),
(20201, 12, 0, 0, 0),
(20301, 1, 0, 0, 0),
(20301, 2, 0, 0, 0),
(20301, 3, 0, 0, 0),
(20301, 4, 0, 0, 0),
(20301, 5, 0, 0, 0),
(20301, 6, 0, 0, 0),
(20301, 7, 0, 0, 0),
(20301, 8, 0, 0, 0),
(20301, 9, 0, 0, 0),
(20301, 10, 0, 0, 0),
(20301, 11, 0, 0, 0),
(20301, 12, 0, 0, 0),
(20302, 1, 0, 0, 0),
(20302, 2, 0, 0, 0),
(20302, 3, 0, 0, 0),
(20302, 4, 0, 0, 0),
(20302, 5, 0, 0, 0),
(20302, 6, 0, 0, 0),
(20302, 7, 0, 0, 0),
(20302, 8, 0, 0, 0),
(20302, 9, 0, 0, 0),
(20302, 10, 0, 0, 0),
(20302, 11, 0, 0, 0),
(20302, 12, 0, 0, 0),
(20401, 1, 0, 0, 0),
(20401, 2, 0, 0, 0),
(20401, 3, 0, 0, 0),
(20401, 4, 0, 0, 0),
(20401, 5, 0, 0, 0),
(20401, 6, 0, 0, 0),
(20401, 7, 0, 0, 0),
(20401, 8, 0, 0, 0),
(20401, 9, 0, 0, 0),
(20401, 10, 0, 0, 0),
(20401, 11, 0, 0, 0),
(20401, 12, 0, 0, 0),
(20402, 1, 0, 0, 0),
(20402, 2, 0, 0, 0),
(20402, 3, 0, 0, 0),
(20402, 4, 0, 0, 0),
(20402, 5, 0, 0, 0),
(20402, 6, 0, 0, 0),
(20402, 7, 0, 0, 0),
(20402, 8, 0, 0, 0),
(20402, 9, 0, 0, 0),
(20402, 10, 0, 0, 0),
(20402, 11, 0, 0, 0),
(20402, 12, 0, 0, 0),
(20403, 1, 0, 0, 0),
(20403, 2, 0, 0, 0),
(20403, 3, 0, 0, 0),
(20403, 4, 0, 0, 0),
(20403, 5, 0, 0, 0),
(20403, 6, 0, 0, 0),
(20403, 7, 0, 0, 0),
(20403, 8, 0, 0, 0),
(20403, 9, 0, 0, 0),
(20403, 10, 0, 0, 0),
(20403, 11, 0, 0, 0),
(20403, 12, 0, 0, 0),
(30101, 1, 0, 0, 0),
(30101, 2, 0, 0, 0),
(30101, 3, 0, 0, 0),
(30101, 4, 0, 0, 0),
(30101, 5, 0, 0, 0),
(30101, 6, 0, 0, 0),
(30101, 7, 0, 0, 0),
(30101, 8, 0, 0, 0),
(30101, 9, 0, 0, 0),
(30101, 10, 0, 0, 0),
(30101, 11, 0, 0, 0),
(30101, 12, 0, 0, 0),
(30201, 1, 0, 0, 0),
(30201, 2, 0, 0, 0),
(30201, 3, 0, 0, 0),
(30201, 4, 0, 0, 0),
(30201, 5, 0, 0, 0),
(30201, 6, 0, 0, 0),
(30201, 7, 0, 0, 0),
(30201, 8, 0, 0, 0),
(30201, 9, 0, 0, 0),
(30201, 10, 0, 0, 0),
(30201, 11, 0, 0, 0),
(30201, 12, 0, 0, 0),
(30301, 1, 0, 0, 0),
(30301, 2, 0, 0, 0),
(30301, 3, 0, 0, 0),
(30301, 4, 0, 0, 0),
(30301, 5, 0, 0, 0),
(30301, 6, 0, 0, 0),
(30301, 7, 0, 0, 0),
(30301, 8, 0, 0, 0),
(30301, 9, 0, 0, 0),
(30301, 10, 0, 0, 0),
(30301, 11, 0, 0, 0),
(30301, 12, 0, 0, 0),
(30401, 1, 0, 0, 0),
(30401, 2, 0, 0, 0),
(30401, 3, 0, 0, 0),
(30401, 4, 0, 0, 0),
(30401, 5, 0, 0, 0),
(30401, 6, 0, 0, 0),
(30401, 7, 0, 0, 0),
(30401, 8, 0, 0, 0),
(30401, 9, 0, 0, 0),
(30401, 10, 0, 0, 0),
(30401, 11, 0, 0, 0),
(30401, 12, 0, 0, 0),
(30402, 1, 0, 0, 0),
(30402, 2, 0, 0, 0),
(30402, 3, 0, 0, 0),
(30402, 4, 0, 0, 0),
(30402, 5, 0, 0, 0),
(30402, 6, 0, 0, 0),
(30402, 7, 0, 0, 0),
(30402, 8, 0, 0, 0),
(30402, 9, 0, 0, 0),
(30402, 10, 0, 0, 0),
(30402, 11, 0, 0, 0),
(30402, 12, 0, 0, 0),
(30403, 1, 0, 0, 0),
(30403, 2, 0, 0, 0),
(30403, 3, 0, 0, 0),
(30403, 4, 0, 0, 0),
(30403, 5, 0, 0, 0),
(30403, 6, 0, 0, 0),
(30403, 7, 0, 0, 0),
(30403, 8, 0, 0, 0),
(30403, 9, 0, 0, 0),
(30403, 10, 0, 0, 0),
(30403, 11, 0, 0, 0),
(30403, 12, 0, 0, 0),
(30404, 1, 0, 0, 0),
(30404, 2, 0, 0, 0),
(30404, 3, 0, 0, 0),
(30404, 4, 0, 0, 0),
(30404, 5, 0, 0, 0),
(30404, 6, 0, 0, 0),
(30404, 7, 0, 0, 0),
(30404, 8, 0, 0, 0),
(30404, 9, 0, 0, 0),
(30404, 10, 0, 0, 0),
(30404, 11, 0, 0, 0),
(30404, 12, 0, 0, 0),
(40101, 1, 0, 0, 0),
(40101, 2, 0, 0, 0),
(40101, 3, 0, 0, 0),
(40101, 4, 0, 0, 0),
(40101, 5, 0, 0, 0),
(40101, 6, 0, 0, 0),
(40101, 7, 0, 0, 0),
(40101, 8, 0, 0, 0),
(40101, 9, 0, 0, 0),
(40101, 10, 0, 0, 0),
(40101, 11, 0, 0, 0),
(40101, 12, 0, 0, 0),
(40301, 1, 0, 0, 0),
(40301, 2, 0, 0, 0),
(40301, 3, 0, 0, 0),
(40301, 4, 0, 0, 0),
(40301, 5, 0, 0, 0),
(40301, 6, 0, 0, 0),
(40301, 7, 0, 0, 0),
(40301, 8, 0, 0, 0),
(40301, 9, 0, 0, 0),
(40301, 10, 0, 0, 0),
(40301, 11, 0, 0, 0),
(40301, 12, 0, 0, 0),
(40302, 1, 0, 0, 0),
(40302, 2, 0, 0, 0),
(40302, 3, 0, 0, 0),
(40302, 4, 0, 0, 0),
(40302, 5, 0, 0, 0),
(40302, 6, 0, 0, 0),
(40302, 7, 0, 0, 0),
(40302, 8, 0, 0, 0),
(40302, 9, 0, 0, 0),
(40302, 10, 0, 0, 0),
(40302, 11, 0, 0, 0),
(40302, 12, 0, 0, 0);

--
-- 限制导出的表
--

--
-- 限制表 `allowance`
--
ALTER TABLE `allowance`
  ADD CONSTRAINT `allowance_ibfk_1` FOREIGN KEY (`Al_ENo`) REFERENCES `employee` (`E_No`);

--
-- 限制表 `attendance`
--
ALTER TABLE `attendance`
  ADD CONSTRAINT `attendance_ibfk_1` FOREIGN KEY (`At_ENo`) REFERENCES `employee` (`E_No`);

--
-- 限制表 `employee`
--
ALTER TABLE `employee`
  ADD CONSTRAINT `employee_ibfk_1` FOREIGN KEY (`E_RPartNo`) REFERENCES `rank` (`R_PartNo`);

--
-- 限制表 `salary`
--
ALTER TABLE `salary`
  ADD CONSTRAINT `salary_ibfk_1` FOREIGN KEY (`S_ENo`) REFERENCES `employee` (`E_No`);

/*!40101 SET CHARACTER_SET_CLIENT=@OLD_CHARACTER_SET_CLIENT */;
/*!40101 SET CHARACTER_SET_RESULTS=@OLD_CHARACTER_SET_RESULTS */;
/*!40101 SET COLLATION_CONNECTION=@OLD_COLLATION_CONNECTION */;
